{
	"tuto":{
		"z":120,
		"leaflet":{
			"center":[40.734155, -73.86087],
			"zoom":18
		}
	},
	"0":{
		"z":115,
		"leaflet":{
			"center":[37.55353, 126.93615],
			"zoom":18
		}
	},
	"1":{
		"z":100,
		"leaflet":{
			"center":[44.7993, 20.3580],
			"zoom":18
		}
	},
	"2":{
		"z":215,
		"leaflet":{
			"center":[46.5161, 6.6361],
			"zoom":17
		}
	},
	"3":{
		"z":120,
		"leaflet":{
			"center":[47.557763, 19.107630],
			"zoom":18
		}
	},
	"4":{
		"z":135,
		"leaflet":{
			"center":[40.45999, -3.6589],
			"zoom":18
		}
	},
	"5":{
		"z":90,
		"leaflet":{
			"center":[19.276187, -99.129964],
			"zoom":18
		}
	}	

}