{
	"0":{
		"x":0,
		"y":0.1,
		"z":175,
		"center":[52.5155, 13.46575],
		"zoom":18
	},
	"1":{
		"x":0,
		"y":0,
		"z":130,
		"center":[44.817747, 20.46352],
		"zoom":18
	}
}