{
	"tuto":{
		"x":0,
		"y":0.1,
		"z":120,
		"center":[40.734155, -73.86087],
		"zoom":18
	},
	"0":{
		"x":0,
		"y":0.1,
		"z":115,
		"center":[37.55353, 126.93615],
		"zoom":18
	},
	"1":{
		"x":0,
		"y":0,
		"z":135,
		"center":[40.45999, -3.6589],
		"zoom":18
	},
	"2":{
		"x":0,
		"y":0,
		"z":100,
		"center":[19.276187, -99.129964],
		"zoom":18
	},	
	"3":{
		"x":0,
		"y":5,
		"z":90,
		"center":[44.7993, 20.3580],
		"zoom":18
	},
	"4":{
		"x":0,
		"y":0,
		"z":215,
		"center":[46.5161, 6.6361],
		"zoom":17
	},
	"5":{
		"x":0,
		"y":0,
		"z":120,
		"center":[47.557763, 19.107630],
		"zoom":18
	}
}